relpath	bytes	sha256	repo	revision
models/Pixal3D-GGUF/FORK_PROVENANCE.md	1250	285495f037cae1bfde40e301b08cef12cea1a90b9e86af3cb5c8b70b9bb803d4	chibifire/Pixal3D-GGUF	cf5fdd19a700dff63744f752c569dc1fca1e8811
models/Pixal3D-GGUF/README.md	59	c5230155c09d46d123be138092e6fc7e703df112a996e21fff2f23715ef4edc6	chibifire/Pixal3D-GGUF	cf5fdd19a700dff63744f752c569dc1fca1e8811
models/Pixal3D-GGUF/pipeline.json	4068	1647217de06e32477702d14895e826fea73497d94537b809a53637f13482a237	chibifire/Pixal3D-GGUF	cf5fdd19a700dff63744f752c569dc1fca1e8811
models/Pixal3D-GGUF/Sparse/ss_flow_img_dit_1_3B_64_bf16.gguf	2681588992	113e00d1548d512e625eb76437cafd7fa2d79101efb4438fdb8b174ec21e559c	chibifire/Pixal3D-GGUF	cf5fdd19a700dff63744f752c569dc1fca1e8811
models/Pixal3D-GGUF/Sparse/ss_flow_img_dit_1_3B_64_bf16.json	503	2b3ef4c63b72a3de8adf745bd9d9d36b7960bdd7ba3740a6fa4d18fea6c475dd	chibifire/Pixal3D-GGUF	cf5fdd19a700dff63744f752c569dc1fca1e8811
models/Pixal3D-GGUF/decoder/shape_dec_next_dc_f16c32_fp16.json	678	5f1b856dffce79466fb18f5f0eefc08f08c673b24b3c05b20359c0b6d318a209	chibifire/Pixal3D-GGUF	cf5fdd19a700dff63744f752c569dc1fca1e8811
models/Pixal3D-GGUF/decoder/shape_dec_next_dc_f16c32_fp16.safetensors	948490494	e3b718d3e43e4f8780e9a24ac6fff231811a67e3b058e336e10fe654c911d581	chibifire/Pixal3D-GGUF	cf5fdd19a700dff63744f752c569dc1fca1e8811
models/Pixal3D-GGUF/decoder/ss_dec_conv3d_16l8_fp16.json	245	646781293f1cda74720de85d1cef50a957fb4aebd9a4bd014e454e32f2330ac5	chibifire/Pixal3D-GGUF	cf5fdd19a700dff63744f752c569dc1fca1e8811
models/Pixal3D-GGUF/decoder/ss_dec_conv3d_16l8_fp16.safetensors	147591972	1c76d4a40519aa2d711cc263a8404105231ac26db31d946bed48b84fee79009a	chibifire/Pixal3D-GGUF	cf5fdd19a700dff63744f752c569dc1fca1e8811
models/Pixal3D-GGUF/decoder/tex_dec_next_dc_f16c32_fp16.json	705	22074e4ab5b28e2b72d33a3fe61bf416134b89e12d0fc5c729f37da75da0c4d1	chibifire/Pixal3D-GGUF	cf5fdd19a700dff63744f752c569dc1fca1e8811
models/Pixal3D-GGUF/decoder/tex_dec_next_dc_f16c32_fp16.safetensors	948458812	97ea69addea2ecd9312910f5f548234665eef51c088386180b7cd5b258645e3c	chibifire/Pixal3D-GGUF	cf5fdd19a700dff63744f752c569dc1fca1e8811
models/Pixal3D-GGUF/shape/slat_flow_img2shape_dit_1_3B_1024_bf16.gguf	2775572064	346ff60a28cc265cb38a6a9b8078ad214334ebe9848003028afe1c0b36468ede	chibifire/Pixal3D-GGUF	cf5fdd19a700dff63744f752c569dc1fca1e8811
models/Pixal3D-GGUF/shape/slat_flow_img2shape_dit_1_3B_1024_bf16.json	535	f47fca56311959a643e8cfd2750229a2c53cbab0027406d8426cd564ce4fb5bc	chibifire/Pixal3D-GGUF	cf5fdd19a700dff63744f752c569dc1fca1e8811
models/Pixal3D-GGUF/shape/slat_flow_img2shape_dit_1_3B_512_bf16.gguf	2775572064	a4a99ba71e6065fa67b72fa903fbe7a7c1049eb6aee3c85df435d8795b846185	chibifire/Pixal3D-GGUF	cf5fdd19a700dff63744f752c569dc1fca1e8811
models/Pixal3D-GGUF/shape/slat_flow_img2shape_dit_1_3B_512_bf16.json	535	2f7b736e8535aae96e7c41e8d123c24a14ee809fc25bea76eeac72643d21b997	chibifire/Pixal3D-GGUF	cf5fdd19a700dff63744f752c569dc1fca1e8811
models/Pixal3D-GGUF/texture/slat_flow_imgshape2tex_dit_1_3B_1024_bf16.gguf	2775670368	f5e844e7627f93b0b1408cb498605cfccbe64a64cfb47f05d5a6d3dbbbb4f168	chibifire/Pixal3D-GGUF	cf5fdd19a700dff63744f752c569dc1fca1e8811
models/Pixal3D-GGUF/texture/slat_flow_imgshape2tex_dit_1_3B_1024_bf16.json	535	f18455729d08d2ce7ef809f947ffa47f6f468b3bcf8a86473e8c326e80128ac2	chibifire/Pixal3D-GGUF	cf5fdd19a700dff63744f752c569dc1fca1e8811
models/dinov3-vitl16/LICENSE.md	7503	25d122eb8f5b880fd23c736fb6ea8018ee45c12237e00b8a86d14c653904999e	camenduru/dinov3-vitl16-pretrain-lvd1689m	3c276edd87d6f6e569ff0c4400e086807d0f3881
models/dinov3-vitl16/README.md	14520	5395522a8a611d0578b6036f47e60445381ee4b2c7508f0e93d9e4c1e876fa63	camenduru/dinov3-vitl16-pretrain-lvd1689m	3c276edd87d6f6e569ff0c4400e086807d0f3881
models/dinov3-vitl16/config.json	745	135ecd23e34a70b6fbed8b083fdecb319b7e3a54e3d849258bbe4ddcf1783bb5	camenduru/dinov3-vitl16-pretrain-lvd1689m	3c276edd87d6f6e569ff0c4400e086807d0f3881
models/dinov3-vitl16/model.safetensors	1212559808	dcb2e45127cccbf1601e5f42fef165eea275c8e5213197e8dcf3f48822718179	camenduru/dinov3-vitl16-pretrain-lvd1689m	3c276edd87d6f6e569ff0c4400e086807d0f3881
models/dinov3-vitl16/preprocessor_config.json	585	960c41d1f3a7778b936365769a2d90550b318a6c0a53a0296957adacfe5e0dd7	camenduru/dinov3-vitl16-pretrain-lvd1689m	3c276edd87d6f6e569ff0c4400e086807d0f3881
models/SkinTokens-GGUF/LICENSE	1073	4f818b00ed33ed1772236c8b0acfd40e740e11e93f4d6f4f846b506b5b690789	LocalAI-io/SkinTokens-GGUF	2c55d38ffe01871c6956103926cc4a40bd7acc8a
models/SkinTokens-GGUF/MANIFEST.json	1443	085d9bb3abcad2340a07e4ee62ca73c052084d46c7963202c93696df79f91aa6	LocalAI-io/SkinTokens-GGUF	2c55d38ffe01871c6956103926cc4a40bd7acc8a
models/SkinTokens-GGUF/README.md	3190	8300db94bec71626c2af9202e4428cad0038ee5d8eed40d841d4859604445d66	LocalAI-io/SkinTokens-GGUF	2c55d38ffe01871c6956103926cc4a40bd7acc8a
models/SkinTokens-GGUF/SHA256SUMS	512	f4a2a32fc0ee1d9df0433a0411c31717e15e123e6589a9d35c70ed527758120a	LocalAI-io/SkinTokens-GGUF	2c55d38ffe01871c6956103926cc4a40bd7acc8a
models/SkinTokens-GGUF/F16/mesh-encoder.gguf	57813184	532710809e3db6c54389dd6489c2aa3c768244868b9c197198d06fa664214527	LocalAI-io/SkinTokens-GGUF	2c55d38ffe01871c6956103926cc4a40bd7acc8a
models/SkinTokens-GGUF/F16/skin-vae.gguf	244014784	dcd5859ac89bae62bcfd6b7823f9d0e2393b22364bcb19f84c1109af8e07455e	LocalAI-io/SkinTokens-GGUF	2c55d38ffe01871c6956103926cc4a40bd7acc8a
models/SkinTokens-GGUF/F16/tokenrig.gguf	948562656	933529dc0e550fd499e2e1ae1c574c6d5852047c04832e7207304e184901ed82	LocalAI-io/SkinTokens-GGUF	2c55d38ffe01871c6956103926cc4a40bd7acc8a
models/Pixal3D-src/LICENSE	1064	31d37e9c4fee1e0cd2196bccd592e8a2c30bfa17ea177d70ad25f977ba6bd9c0	TencentARC/Pixal3D	b0cb2e1b794cab9aa0ac38a95d794a4d9337437f
models/Pixal3D-src/NOTICE	12527	2d9c4437b2c3264dcea406c6af5066c0b21c7a7b34384c567dc6551b9129f815	TencentARC/Pixal3D	b0cb2e1b794cab9aa0ac38a95d794a4d9337437f
models/Pixal3D-src/pipeline.json	4068	1647217de06e32477702d14895e826fea73497d94537b809a53637f13482a237	TencentARC/Pixal3D	b0cb2e1b794cab9aa0ac38a95d794a4d9337437f
models/Pixal3D-src/ckpts/ss_dec_conv3d_16l8_fp16.json	245	646781293f1cda74720de85d1cef50a957fb4aebd9a4bd014e454e32f2330ac5	TencentARC/Pixal3D	b0cb2e1b794cab9aa0ac38a95d794a4d9337437f
models/Pixal3D-src/ckpts/ss_dec_conv3d_16l8_fp16.safetensors	147591972	1c76d4a40519aa2d711cc263a8404105231ac26db31d946bed48b84fee79009a	TencentARC/Pixal3D	b0cb2e1b794cab9aa0ac38a95d794a4d9337437f
models/NAF/naf_release.pth	2664431	c096c1ab2217a5c3ac136365f721685e2201379cb69d509cfb0261183847c98f	valeoai/NAF (release model; V-Sekai-fire/NAF mirror pending)	model@f63aadffba49c7131fb2b421e165b3e9acd5b52a
models/moge-3-vitl/README.md	51	fc81933791979233a76c29e3a44ed91a44f69555121d2160fdfc39219fb59fd4	Ruicheng/moge-3-vitl	184008f877d7ad1ad4c2cd2182a9bd1f63d0e5be
models/moge-3-vitl/model.pt	1481333394	9b41b7b9f65ad80aab7ad686f5e9cc0d1fd33f1964022618dfbcd52fc1fb7925	Ruicheng/moge-3-vitl	184008f877d7ad1ad4c2cd2182a9bd1f63d0e5be
models/BiRefNet_HR-matting/BiRefNet_config.py	298	e7b8c2a74f6cea6a59553d517f71d47f2c1d90e670a13416af17c25fe2f3dc52	ZhengPeng7/BiRefNet_HR-matting	5d6b6f8adcb5b417c871b1d84ceaae9871355b7f
models/BiRefNet_HR-matting/README.md	11522	834ba4551d22697900286f26909064338c1e04dd44a8feb43e2992c0d644334b	ZhengPeng7/BiRefNet_HR-matting	5d6b6f8adcb5b417c871b1d84ceaae9871355b7f
models/BiRefNet_HR-matting/birefnet.py	92134	2a45b4e0ece72d7c4212bca1a988e7d7e52bfe9f98ec59c58b8809c8a8b7a831	ZhengPeng7/BiRefNet_HR-matting	5d6b6f8adcb5b417c871b1d84ceaae9871355b7f
models/BiRefNet_HR-matting/config.json	416	d0b779ee9a76bf079673c5852c346f439591f016ca0d778a87bbd1dcbe24398a	ZhengPeng7/BiRefNet_HR-matting	5d6b6f8adcb5b417c871b1d84ceaae9871355b7f
models/BiRefNet_HR-matting/handler.py	4765	b0578adfb01ab1db250a30f4450ca8b9ac4f0a544105f4c13188bd82bd121059	ZhengPeng7/BiRefNet_HR-matting	5d6b6f8adcb5b417c871b1d84ceaae9871355b7f
models/BiRefNet_HR-matting/model.safetensors	444473596	a5a4de698739ea5e0e8bbab28e1b293dde95092b87a442d566cbc585c53cef55	ZhengPeng7/BiRefNet_HR-matting	5d6b6f8adcb5b417c871b1d84ceaae9871355b7f
models/BiRefNet_HR-matting/requirements.txt	149	bdfdd83a090d31a2acf64f7350653fa63cd8b5d9d6e0ff3e135bea7ce3786341	ZhengPeng7/BiRefNet_HR-matting	5d6b6f8adcb5b417c871b1d84ceaae9871355b7f
models/TRELLIS-image-large/ckpts/slat_dec_gs_swin8_B_64l8gs32_fp16.json	843	ebe9d3eade6d9cb7662efae109197e97d7ab58aebd5e8ede0c8991dfce88a06a	microsoft/TRELLIS-image-large	25e0d31ffbebe4b5a97464dd851910efc3002d96
models/TRELLIS-image-large/ckpts/slat_dec_gs_swin8_B_64l8gs32_fp16.safetensors	171450952	38c84bcef5ce0af1f48b1b5558dabc7575a13346043c41a7e0610f1fa619a161	microsoft/TRELLIS-image-large	25e0d31ffbebe4b5a97464dd851910efc3002d96
models/TRELLIS-image-large/ckpts/slat_dec_mesh_swin8_B_64l8m256c_fp16.json	372	293900795cb69cc972d1a20a4940ee12f7e007952c2ae92d128dda91b96ac317	microsoft/TRELLIS-image-large	25e0d31ffbebe4b5a97464dd851910efc3002d96
models/TRELLIS-image-large/ckpts/slat_dec_mesh_swin8_B_64l8m256c_fp16.safetensors	181903412	3e87aba94b5786407eb06d0502c1ed0885a0027a3f2b8537bfe15b0a92c01859	microsoft/TRELLIS-image-large	25e0d31ffbebe4b5a97464dd851910efc3002d96
models/TRELLIS-image-large/ckpts/slat_dec_rf_swin8_B_64l8r16_fp16.json	396	9b46a04602988b9cd83f1d0537de1cb93c4c1b6d35a0bbbcb07bb37bac66b766	microsoft/TRELLIS-image-large	25e0d31ffbebe4b5a97464dd851910efc3002d96
models/TRELLIS-image-large/ckpts/slat_dec_rf_swin8_B_64l8r16_fp16.safetensors	171450488	737da6578d01948016b7c39786113af0d64a46f7922f6b8b5e698b84643be514	microsoft/TRELLIS-image-large	25e0d31ffbebe4b5a97464dd851910efc3002d96
models/TRELLIS-image-large/ckpts/slat_enc_swin8_B_64l8_fp16.json	321	7b7e2bd3e831bdd5a6129cea36424a47ad73c1b9ad109d1de54e0f14af4d28a2	microsoft/TRELLIS-image-large	25e0d31ffbebe4b5a97464dd851910efc3002d96
models/TRELLIS-image-large/ckpts/slat_enc_swin8_B_64l8_fp16.safetensors	173242816	21dceac6bee917ab6458ff52c9757ba89a779d03031c7bd17f9e7f0103bfd436	microsoft/TRELLIS-image-large	25e0d31ffbebe4b5a97464dd851910efc3002d96
models/TRELLIS-image-large/ckpts/slat_flow_img_dit_L_64l8p2_fp16.json	442	c0a9bd57227f55cf75ff02562c27bb05c50174f06955f56a79dea2982fd7a8f9	microsoft/TRELLIS-image-large	25e0d31ffbebe4b5a97464dd851910efc3002d96
models/TRELLIS-image-large/ckpts/slat_flow_img_dit_L_64l8p2_fp16.safetensors	1203755136	693fb2a58ad497bd222007301eeec49d14d60f8c12d2f2f00c221fa747b4c66c	microsoft/TRELLIS-image-large	25e0d31ffbebe4b5a97464dd851910efc3002d96
models/TRELLIS-image-large/ckpts/ss_dec_conv3d_16l8_fp16.json	245	646781293f1cda74720de85d1cef50a957fb4aebd9a4bd014e454e32f2330ac5	microsoft/TRELLIS-image-large	25e0d31ffbebe4b5a97464dd851910efc3002d96
models/TRELLIS-image-large/ckpts/ss_dec_conv3d_16l8_fp16.safetensors	147591972	1c76d4a40519aa2d711cc263a8404105231ac26db31d946bed48b84fee79009a	microsoft/TRELLIS-image-large	25e0d31ffbebe4b5a97464dd851910efc3002d96
models/TRELLIS-image-large/ckpts/ss_enc_conv3d_16l8_fp16.json	244	12efe92a0d7dcd790f251acb94a6950957ea4398268e2838ef7319c3f20b071e	microsoft/TRELLIS-image-large	25e0d31ffbebe4b5a97464dd851910efc3002d96
models/TRELLIS-image-large/ckpts/ss_enc_conv3d_16l8_fp16.safetensors	119068016	107874eeaa0feb82f51b19db5da7db534fb7e7f19e5a122b9ff1bc2e258bfc6d	microsoft/TRELLIS-image-large	25e0d31ffbebe4b5a97464dd851910efc3002d96
models/TRELLIS-image-large/ckpts/ss_flow_img_dit_L_16l8_fp16.json	385	bf69161da7ece9a87394dd4441f0cfa6d4261696a214a8f68388c81fa9a6b5b7	microsoft/TRELLIS-image-large	25e0d31ffbebe4b5a97464dd851910efc3002d96
models/TRELLIS-image-large/ckpts/ss_flow_img_dit_L_16l8_fp16.safetensors	1130770840	96dc6bfd4136fd950af564dd16b4ae533c9ba6af8f26c670646b2a9f2789b1db	microsoft/TRELLIS-image-large	25e0d31ffbebe4b5a97464dd851910efc3002d96
models/TRELLIS-image-large/pipeline.json	2311	9aea2d26c9df85da2716bd4e41673efa3d8f3e0dae257dfda48cf394dc13b019	microsoft/TRELLIS-image-large	25e0d31ffbebe4b5a97464dd851910efc3002d96+encoders
models/Pixal3D-src/ckpts/ss_flow_img_dit_1_3B_64_bf16.json	503	2b3ef4c63b72a3de8adf745bd9d9d36b7960bdd7ba3740a6fa4d18fea6c475dd	TencentARC/Pixal3D	b0cb2e1b794cab9aa0ac38a95d794a4d9337437f
models/Pixal3D-src/ckpts/ss_flow_img_dit_1_3B_64_bf16.safetensors	5359822584	6d0147bb347eb61fa81c304cc68c7fd69d447e91870357a549b47e1d0fd77242	TencentARC/Pixal3D	b0cb2e1b794cab9aa0ac38a95d794a4d9337437f
models/Pixal3D-src/ckpts/shape_dec_next_dc_f16c32_fp16.json	678	5f1b856dffce79466fb18f5f0eefc08f08c673b24b3c05b20359c0b6d318a209	TencentARC/Pixal3D	b0cb2e1b794cab9aa0ac38a95d794a4d9337437f
models/Pixal3D-src/ckpts/shape_dec_next_dc_f16c32_fp16.safetensors	948490494	e3b718d3e43e4f8780e9a24ac6fff231811a67e3b058e336e10fe654c911d581	TencentARC/Pixal3D	b0cb2e1b794cab9aa0ac38a95d794a4d9337437f
models/Pixal3D-src/ckpts/tex_dec_next_dc_f16c32_fp16.json	705	22074e4ab5b28e2b72d33a3fe61bf416134b89e12d0fc5c729f37da75da0c4d1	TencentARC/Pixal3D	b0cb2e1b794cab9aa0ac38a95d794a4d9337437f
models/Pixal3D-src/ckpts/tex_dec_next_dc_f16c32_fp16.safetensors	948458812	97ea69addea2ecd9312910f5f548234665eef51c088386180b7cd5b258645e3c	TencentARC/Pixal3D	b0cb2e1b794cab9aa0ac38a95d794a4d9337437f
models/Pixal3D-src/ckpts/slat_flow_img2shape_dit_1_3B_512_bf16.json	535	2f7b736e8535aae96e7c41e8d123c24a14ee809fc25bea76eeac72643d21b997	TencentARC/Pixal3D	b0cb2e1b794cab9aa0ac38a95d794a4d9337437f
models/Pixal3D-src/ckpts/slat_flow_img2shape_dit_1_3B_512_bf16.safetensors	5546764048	63569838c1da93f010e2fa805b202ecf802cc758830230abac202a81b70e5b45	TencentARC/Pixal3D	b0cb2e1b794cab9aa0ac38a95d794a4d9337437f
models/Pixal3D-src/ckpts/slat_flow_img2shape_dit_1_3B_1024_bf16.json	535	f47fca56311959a643e8cfd2750229a2c53cbab0027406d8426cd564ce4fb5bc	TencentARC/Pixal3D	b0cb2e1b794cab9aa0ac38a95d794a4d9337437f
models/Pixal3D-src/ckpts/slat_flow_img2shape_dit_1_3B_1024_bf16.safetensors	5546764048	3e6d1df0e62bc5bc863320d1d63d6b996235eef4abb8b851e878c88f316369f1	TencentARC/Pixal3D	b0cb2e1b794cab9aa0ac38a95d794a4d9337437f
models/Pixal3D-src/ckpts/slat_flow_imgshape2tex_dit_1_3B_1024_bf16.json	535	f18455729d08d2ce7ef809f947ffa47f6f468b3bcf8a86473e8c326e80128ac2	TencentARC/Pixal3D	b0cb2e1b794cab9aa0ac38a95d794a4d9337437f
models/Pixal3D-src/ckpts/slat_flow_imgshape2tex_dit_1_3B_1024_bf16.safetensors	5546960656	65df179ad02f9e92bc18335d7861fadd95f268e6249217352468dd83cb79d1d0	TencentARC/Pixal3D	b0cb2e1b794cab9aa0ac38a95d794a4d9337437f
